{
  "coffee": [
    {
      "title": "Black",
      "description": "Black coffee is as simple as it gets with ground coffee beans steeped in hot water, served warm. And if you want to sound fancy, you can call black coffee by its proper name: cafe noir.",
      "ingredients": [
        "Coffee"
      ],
      "image": "https://upload.wikimedia.org/wikipedia/commons/thumb/4/45/A_small_cup_of_coffee.JPG/640px-A_small_cup_of_coffee.JPG",
      "id": 1,
      "price": 540
    },
    {
      "title": "Latte",
      "description": "As the most popular coffee drink out there, the latte is comprised of a shot of espresso and steamed milk with just a touch of foam. It can be ordered plain or with a flavor shot of anything from vanilla to pumpkin spice.",
      "ingredients": [
        "Espresso",
        "Steamed Milk"
      ],
      "image": "https://upload.wikimedia.org/wikipedia/commons/thumb/9/9f/Latte_at_Doppio_Ristretto_Chiang_Mai_01.jpg/509px-Latte_at_Doppio_Ristretto_Chiang_Mai_01.jpg",
      "id": 2,
      "price": 100
    },
    {
      "title": "Cappuccino",
      "description": "Cappuccino is a latte made with more foam than steamed milk, often with a sprinkle of cocoa powder or cinnamon on top. Sometimes you can find variations that use cream instead of milk or ones that throw in flavor shot, as well.",
      "ingredients": [
        "Espresso",
        "Steamed Milk",
        "Foam"
      ],
      "image": "https://images.unsplash.com/photo-1521302080334-4bebac2763a6?crop=entropy&cs=tinysrgb&fm=jpg&ixlib=rb-1.2.1&q=60&raw_url=true&ixid=MnwxMjA3fDB8MHxzZWFyY2h8Mnx8Y29mZmVlfGVufDB8MnwwfHw%3D&auto=format&fit=crop&w=800",
      "id": 3,
      "price": 250
    },
    {
      "title": "Americano",
      "description": "With a similar flavor to black coffee, the americano consists of an espresso shot diluted in hot water.",
      "ingredients": [
        "Espresso",
        "Hot Water"
      ],
      "image": "https://images.unsplash.com/photo-1521302080334-4bebac2763a6?crop=entropy&cs=tinysrgb&fm=jpg&ixlib=rb-1.2.1&q=60&raw_url=true&ixid=MnwxMjA3fDB8MHxzZWFyY2h8Mnx8Y29mZmVlfGVufDB8MnwwfHw%3D&auto=format&fit=crop&w=800",
      "id": 4,
      "price": 440
    },
    {
      "title": "Espresso",
      "description": "An espresso shot can be served solo or used as the foundation of most coffee drinks, like lattes and macchiatos.",
      "ingredients": [
        "1oz Espresso"
      ],
      "image": "https://images.unsplash.com/photo-1535403396060-dd9daec50b74?crop=entropy&cs=tinysrgb&fm=jpg&ixlib=rb-1.2.1&q=60&raw_url=true&ixid=MnwxMjA3fDB8MHxzZWFyY2h8NXx8Y29mZmVlfGVufDB8MnwwfHw%3D&auto=format&fit=crop&w=800",
      "id": 5,
      "price": 655
    },
    {
      "title": "Doppio",
      "description": "A double shot of espresso, the doppio is perfect for putting extra pep in your step.",
      "ingredients": [
        "2oz Espresso"
      ],
      "image": "https://images.unsplash.com/photo-1502471602546-17554aac1160?ixlib=rb-1.2.1&ixid=MnwxMjA3fDB8MHxzZWFyY2h8OHx8Y29mZmVlfGVufDB8MnwwfHw%3D&auto=format&fit=crop&w=800&q=60",
      "id": 6,
      "price": 399
    },
    {
      "title": "Cortado",
      "description": "Like yin and yang, a cortado is the perfect balance of espresso and warm steamed milk. The milk is used to cut back on the espresso’s acidity.",
      "ingredients": [
        "1oz Espresso",
        "1oz Steamed Milk"
      ],
      "image": "https://images.unsplash.com/photo-1524770471852-3a23be3abdb3?ixlib=rb-1.2.1&ixid=MnwxMjA3fDB8MHxzZWFyY2h8MTF8fGNvZmZlZXxlbnwwfDJ8MHx8&auto=format&fit=crop&w=800&q=60",
      "id": 7,
      "price": 299
    },
    {
      "title": "Red Eye",
      "description": "Named after those pesky midnight flights, a red eye can cure any tiresome morning. A full cup of hot coffee with an espresso shot mixed in, this will definitely get your heart racing.",
      "ingredients": [
        "Coffee",
        "Espresso"
      ],
      "image": "https://images.unsplash.com/photo-1535403318185-d612e6b1dc3c?crop=entropy&cs=tinysrgb&fm=jpg&ixlib=rb-1.2.1&q=60&raw_url=true&ixid=MnwxMjA3fDB8MHxzZWFyY2h8MTJ8fGNvZmZlZXxlbnwwfDJ8MHx8&auto=format&fit=crop&w=800",
      "id": 8,
      "price": 343
    },
    {
      "title": "Galão",
      "description": "Originating in Portugal, this hot coffee drink is closely related to the latte and cappuccino. Only difference is it contains about twice as much foamed milk, making it a lighter drink compared to the other two.",
      "ingredients": [
        "Espresso",
        "Foamed milk"
      ],
      "image": "https://images.unsplash.com/photo-1529088148495-2d9f231db829?ixlib=rb-1.2.1&ixid=MnwxMjA3fDB8MHxzZWFyY2h8MTB8fGNvZmZlZXxlbnwwfDJ8MHx8&auto=format&fit=crop&w=800&q=60",
      "id": 9,
      "price": 543
    },
    {
      "title": "Lungo",
      "description": "A lungo is a long-pull espresso. The longer the pull, the more caffeine there is and the more ounces you can enjoy.",
      "ingredients": [
        "Long pulled espresso"
      ],
      "image": "https://images.unsplash.com/photo-1623859763838-a304cbfd4901?ixlib=rb-1.2.1&ixid=MnwxMjA3fDB8MHxzZWFyY2h8MTN8fGNvZmZlZXxlbnwwfDJ8MHx8&auto=format&fit=crop&w=800&q=60",
      "id": 10,
      "price": 765
    },
    {
      "title": "Macchiato",
      "description": "The macchiato is another espresso-based drink that has a small amount of foam on top. It’s the happy medium between a cappuccino and a doppio.",
      "ingredients": [
        "Espresso",
        "Foam"
      ],
      "image": "https://images.unsplash.com/photo-1514664902876-824dfe29bb64?ixlib=rb-1.2.1&ixid=MnwxMjA3fDB8MHxzZWFyY2h8MTV8fGNvZmZlZXxlbnwwfDJ8MHx8&auto=format&fit=crop&w=800&q=60",
      "id": 11,
      "price": 345
    },
    {
      "title": "Mocha",
      "description": "For all you chocolate lovers out there, you’ll fall in love with a mocha (or maybe you already have). The mocha is a chocolate espresso drink with steamed milk and foam.",
      "ingredients": [
        "Espresso",
        "Steamed Milk",
        "Chocolate"
      ],
      "image": "https://images.unsplash.com/photo-1527683040093-3a2b80ed1592?crop=entropy&cs=tinysrgb&fm=jpg&ixlib=rb-1.2.1&q=60&raw_url=true&ixid=MnwxMjA3fDB8MHxzZWFyY2h8MTR8fGNvZmZlZXxlbnwwfDJ8MHx8&auto=format&fit=crop&w=800",
      "id": 12,
      "price": 211
    },
    {
      "title": "Ristretto",
      "description": "Ristretto is an espresso shot. It uses less hot water which creates a sweeter flavor compared to the bitter taste of a traditional shot of espresso or a doppio.",
      "ingredients": [
        "Short pulled espresso"
      ],
      "image": "https://images.unsplash.com/photo-1515283709260-ee29296f1534?ixlib=rb-1.2.1&ixid=MnwxMjA3fDB8MHxzZWFyY2h8MTd8fGNvZmZlZXxlbnwwfDJ8MHx8&auto=format&fit=crop&w=800&q=60",
      "id": 13,
      "price": 311
    },
    {
      "title": "Flat White",
      "description": "This Aussie-born drink is basically a cappuccino without the foam or chocolate sprinkle. It’s an espresso drink with steamed milk.",
      "ingredients": [
        "Espresso",
        "Steamed Milk"
      ],
      "image": "https://images.unsplash.com/photo-1517559911230-415def7b667f?ixlib=rb-1.2.1&ixid=MnwxMjA3fDB8MHxzZWFyY2h8MjJ8fGNvZmZlZXxlbnwwfDJ8MHx8&auto=format&fit=crop&w=800&q=60",
      "id": 14,
      "price": 99
    },
    {
      "title": "Affogato",
      "description": "The affogato is an excuse to enjoy a scoop of ice cream any time of day (and any time of year in my opinion). Served with a scoop of ice cream and a shot of espresso, or two.",
      "ingredients": [
        "Espresso",
        "Ice cream"
      ],
      "image": "https://images.unsplash.com/photo-1489672155498-1331365e0dcd?ixlib=rb-1.2.1&ixid=MnwxMjA3fDB8MHxzZWFyY2h8Mjd8fGNvZmZlZXxlbnwwfDJ8MHx8&auto=format&fit=crop&w=800&q=60",
      "id": 15,
      "price": 200
    },
    {
      "title": "Café au Lait",
      "description": "Café au lait is perfect for the coffee minimalist who wants a bit more flavor. Just add a splash of warm milk to your coffee and you’re all set!",
      "ingredients": [
        "Coffee",
        "Steamed Milk"
      ],
      "image": "https://images.unsplash.com/photo-1520949044152-74b54c164c31?crop=entropy&cs=tinysrgb&fm=jpg&ixlib=rb-1.2.1&q=60&raw_url=true&ixid=MnwxMjA3fDB8MHxzZWFyY2h8Mjl8fGNvZmZlZXxlbnwwfDJ8MHx8&auto=format&fit=crop&w=800",
      "id": 16,
      "price": 700
    },
    {
      "title": "Irish",
      "description": "Irish coffee consists of black coffee, whiskey and sugar, topped with whipped cream.",
      "ingredients": [
        "Coffee",
        "Whiskey",
        "Sugar",
        "Cream"
      ],
      "image": "https://images.unsplash.com/photo-1572442388796-11668a67e53d?ixlib=rb-1.2.1&ixid=MnwxMjA3fDB8MHxzZWFyY2h8MzN8fGNvZmZlZXxlbnwwfDJ8MHx8&auto=format&fit=crop&w=800&q=60",
      "id": 17,
      "price": 600
    },
    {
      "title": "Guayoyo",
      "description": "Traditional venezuelan coffee prepared by filtering the ground coffee in a cone of cloth and pouring hot water on top of it. It's prefferably drinked wihout milk nor cream.",
      "ingredients": [
        "Coffee",
        "Traditional",
        "Hot Water"
      ],
      "image": "https://images.unsplash.com/photo-1559001724-fbad036dbc9e?crop=entropy&cs=tinysrgb&fm=jpg&ixlib=rb-1.2.1&q=60&raw_url=true&ixid=MnwxMjA3fDB8MHxzZWFyY2h8MzR8fGNvZmZlZXxlbnwwfDJ8MHx8&auto=format&fit=crop&w=800",
      "id": 18,
      "price": 300
    },
    {
      "title": "Cortadito",
      "description": "Traditional cuban coffee method where a bit of freshly brewed coffee is mixed with sugar to create a highly sugared paste. Then add the rest of the coffee and stir adding milk until a 50/50 ratio is achieved.",
      "ingredients": [
        "Coffee",
        "Traditional",
        "Sugar",
        "Milk"
      ],
      "image": "https://images.unsplash.com/photo-1598811465492-4138d1f4fbee?ixlib=rb-1.2.1&ixid=MnwxMjA3fDB8MHxzZWFyY2h8NDJ8fGNvZmZlZXxlbnwwfDJ8MHx8&auto=format&fit=crop&w=800&q=60",
      "id": 19,
      "price": 500
    },
    {
      "title": "Aguapanela Coffee",
      "description": "Bring panela and coffee to a boil in a small pan for 30 minutes until panela is melted. Brew your coffee using your favorite brewing technique but add the hot aguapanela instead of hot water. Delicious sweetened coffee is ready.",
      "ingredients": [
        "Coffee",
        "Sweet",
        "Panela",
        "Traditional"
      ],
      "image": "https://images.unsplash.com/photo-1519831802596-6aadd85ff671?crop=entropy&cs=tinysrgb&fm=jpg&ixlib=rb-1.2.1&q=60&raw_url=true&ixid=MnwxMjA3fDB8MHxzZWFyY2h8NDd8fGNvZmZlZXxlbnwwfDJ8MHx8&auto=format&fit=crop&w=800",
      "id": 20,
      "price": 329
    }
  ]
}