[
    {
        "id": 1,
        "name": "Chrisse",
        "address": "4018 Sachs Trail",
        "avatar": "https://placehold.co/200",
        "posts": 1841,
        "followers": 66868,
        "isMarried": true
    },
    {
        "id": 4,
        "name": "Gray",
        "address": "50 Schiller Point",
        "avatar": "https://placehold.co/200",
        "posts": 875,
        "followers": 52900,
        "isMarried": true
    },
    {
        "id": 5,
        "name": "Clemens",
        "address": "67556 Nevada Center",
        "avatar": "https://placehold.co/200",
        "posts": 1800,
        "followers": 31529,
        "isMarried": true
    },
    {
        "id": 3,
        "name": "Lottie",
        "address": "564 Messerschmidt Court",
        "avatar": "https://placehold.co/200",
        "posts": 1900,
        "followers": 23658,
        "isMarried": true
    },
    {
        "id": 2,
        "name": "Chandler",
        "address": "15 Yemen road, Yemen",
        "avatar": "https://placehold.co/200",
        "posts": 1433,
        "followers": 20000,
        "isMarried": false
    }
]